workerID,gender,age,income,language,order,imageID,imageCategory,stateRating,sad,disgusted,angry,neutral,content,happy,excited
1,F,25,6,english,1,5,ok,4,0.29,0.12,0,0.46,0.73,0.74,0.36
1,F,25,6,english,2,6,ok,3,0.1,0.31,0.02,0.83,0.77,0.63,0.33
1,F,25,6,english,3,3,amazing,5,0.01,0,0,0.09,0.49,0.84,0.84
1,F,25,6,english,4,7,terrible,2,0.48,0.74,0.36,0.65,0.09,0.29,0.62
1,F,25,6,english,5,9,terrible,1,0.49,0.62,0.64,0.74,0.45,0.53,0.16
1,F,25,6,english,6,4,ok,3,0.51,0.1,0.19,0.69,0.61,0.61,0.21
1,F,25,6,english,7,2,amazing,5,0,0,0.69,0.41,0,0.64,0.43
1,F,25,6,english,8,1,amazing,4,0,0,0.02,0.25,0.62,0.81,0.57
1,F,25,6,english,9,8,terrible,2,0.37,0.29,0.2,0.53,0.54,0.14,0.27
2,F,35,6,English,1,7,terrible,2,0.55,0.27,0.75,0.31,0.04,0.05,0.25
2,F,35,6,English,2,8,terrible,4,0.03,0.03,0.09,0.27,0.64,0.58,0.51
2,F,35,6,English,3,3,amazing,5,0.01,0,0.02,0.01,0.87,0.93,0.97
2,F,35,6,English,4,4,ok,3,0.02,0.06,0.31,0.71,0.58,0.68,0.49
2,F,35,6,English,5,6,ok,4,0.02,0.02,0.04,0.31,0.86,0.83,0.42
2,F,35,6,English,6,9,terrible,2,0.82,0.17,0.48,0.23,0.13,0.13,0.17
2,F,35,6,English,7,1,amazing,5,0.07,0.01,0.01,0.38,0.88,0.9,0.8
2,F,35,6,English,8,5,ok,4,0,0.02,0.05,0.29,0.68,0.8,0.44
2,F,35,6,English,9,2,amazing,5,0.03,0.02,0,0.23,0.94,0.96,0.88
3,M,25,4,English,1,3,amazing,5,0.06,0.04,0.03,0.57,0.79,0.84,0.69
3,M,25,4,English,2,6,ok,4,0.14,0,0.01,0.47,0.48,0.67,0.47
3,M,25,4,English,3,4,ok,3,0.06,0,0.01,0.36,0.44,0.65,0.17
3,M,25,4,English,4,8,terrible,2,0.31,0,0.04,0.48,0.48,0.52,0.11
3,M,25,4,English,5,2,amazing,5,0.04,0.02,0.01,0.16,0.47,0.59,0.78
3,M,25,4,English,6,5,ok,4,0,0.01,0.01,0.21,0.13,0.64,0.52
3,M,25,4,English,7,1,amazing,5,0.04,0.02,0.01,0.31,0.26,0.65,0.55
3,M,25,4,English,8,7,terrible,1,0.37,0.19,0.17,0.19,0.22,0.24,0.12
3,M,25,4,English,9,9,terrible,1,0.54,0.28,0.2,0.04,0.06,0.46,0.24
4,M,45,11,english,1,7,terrible,1,0.84,0.71,0.47,0.16,0.98,0.03,0.21
4,M,45,11,english,2,6,ok,4,0.12,0.05,0.11,0.19,0.98,0.81,0.75
4,M,45,11,english,3,4,ok,4,0.1,0.1,0.04,0.53,0.92,0.62,0.76
4,M,45,11,english,4,5,ok,4,0.04,0.06,0.12,0.51,0.92,0.82,0.75
4,M,45,11,english,5,9,terrible,1,0.71,0.78,0.83,0.18,0.25,0.08,0.25
4,M,45,11,english,6,1,amazing,5,0.04,0.03,0.03,0.17,0.96,0.94,0.96
4,M,45,11,english,7,2,amazing,5,0.1,0.03,0.02,0.17,0.89,0.87,0.73
4,M,45,11,english,8,8,terrible,3,0.57,0.4,0.34,0.86,0.52,0.29,0.35
4,M,45,11,english,9,3,amazing,5,0.02,0.01,0.02,0.2,0.95,0.97,0.97
5,M,35,4,English,1,9,terrible,1,0.86,0.86,0.85,0.18,0.07,0.1,0.49
5,M,35,4,English,2,5,ok,5,0.02,0.02,0.01,0.49,0.98,1,0.88
5,M,35,4,English,3,6,ok,4,0,0.01,0.01,0.45,1,1,0.45
5,M,35,4,English,4,4,ok,3,0.49,0.49,0.49,0.51,0.48,0.48,0.49
5,M,35,4,English,5,1,amazing,5,0,0,0.01,0.52,1,1,0.88
5,M,35,4,English,6,3,amazing,5,0,0,0,0.51,1,1,1
5,M,35,4,English,7,8,terrible,2,0.67,0.67,0.66,0.51,0.27,0.12,0.67
5,M,35,4,English,8,2,amazing,5,0,0,0,0.52,1,1,1
5,M,35,4,English,9,7,terrible,1,0.99,1,0.99,0.02,0,0.01,0.71
7,M,35,4,English,1,8,terrible,2,0.54,0.11,0.52,0.54,0.35,0.35,0.25
7,M,35,4,English,2,5,ok,4,0.28,0.06,0.28,0.41,0.52,0.53,0.53
7,M,35,4,English,3,1,amazing,4,0.3,0.14,0.29,0.39,0.51,0.54,0.53
7,M,35,4,English,4,3,amazing,5,0.11,0.02,0.24,0.4,0.77,0.81,0.78
7,M,35,4,English,5,2,amazing,4,0.16,0.07,0.24,0.41,0.64,0.64,0.63
7,M,35,4,English,6,4,ok,3,0.43,0.08,0.37,0.57,0.4,0.35,0.3
7,M,35,4,English,7,9,terrible,2,0.45,0.18,0.48,0.44,0.35,0.38,0.32
7,M,35,4,English,8,6,ok,3,0.24,0.05,0.28,0.45,0.47,0.45,0.47
7,M,35,4,English,9,7,terrible,1,0.62,0.19,0.64,0.22,0.21,0.25,0.24
8,M,55,11,english,1,5,ok,4,0.25,0.25,0.24,0.21,0.52,0.7,0.7
8,M,55,11,english,2,6,ok,5,0.28,0.26,0.29,0.51,0.6,0.72,0.61
8,M,55,11,english,3,4,ok,3,0.47,0.26,0.23,0.68,0.67,0.52,0.36
8,M,55,11,english,4,3,amazing,5,0.3,0.36,0.32,0.34,0.56,0.84,0.75
8,M,55,11,english,5,8,terrible,2,0.68,0.32,0.53,0.37,0.35,0.43,0.28
8,M,55,11,english,6,7,terrible,1,0.58,0.29,0.67,0.44,0.3,0.32,0.37
8,M,55,11,english,7,1,amazing,5,0.36,0.34,0.35,0.46,0.64,0.65,0.68
8,M,55,11,english,8,9,terrible,1,0.83,0.52,0.73,0.32,0.28,0.33,0.27
8,M,55,11,english,9,2,amazing,5,0.18,0.31,0.39,0.31,0.63,0.67,0.68
9,M,35,4,English,1,8,terrible,4,0.5,0.2,0.06,0.51,0.82,0.25,0.32
9,M,35,4,English,2,3,amazing,5,0.17,0.05,0.09,0.1,0.83,0.96,0.74
9,M,35,4,English,3,7,terrible,2,0.35,0.5,0.16,0.56,0.29,0.31,0.41
9,M,35,4,English,4,1,amazing,5,0.1,0.07,0.06,0.1,0.51,0.73,0.39
9,M,35,4,English,5,6,ok,4,0.08,0.06,0.03,0.33,0.57,0.63,0.22
9,M,35,4,English,6,4,ok,3,0.08,0.34,0.04,0.53,0.48,0.45,0.19
9,M,35,4,English,7,9,terrible,1,0.63,0.54,0.27,0.31,0.21,0.16,0.2
9,M,35,4,English,8,5,ok,3,0.08,0.21,0.08,0.66,0.29,0.26,0.09
9,M,35,4,English,9,2,amazing,5,0.02,0.22,0.04,0.12,0.42,0.85,0.78
10,F,35,6,english,1,7,terrible,2,0.4,0.06,0.29,0.19,0.41,0.26,0.61
10,F,35,6,english,2,1,amazing,5,0.65,0.02,0.17,0.55,0.79,0.77,0.65
10,F,35,6,english,3,4,ok,3,0.22,0.07,0.22,0.86,0.48,0.22,0.19
10,F,35,6,english,4,9,terrible,2,0.31,0.52,0.16,0.45,0.23,0.08,0.25
10,F,35,6,english,5,5,ok,4,0.08,0.09,0.1,0.75,0.58,0.11,0.23
10,F,35,6,english,6,6,ok,4,0.14,0.05,0.1,0.46,0.53,0.37,0.65
10,F,35,6,english,7,3,amazing,5,0.14,0.03,0.08,0.38,0.63,0.68,0.77
10,F,35,6,english,8,2,amazing,5,0.1,0.02,0.05,0.52,0.7,0.78,0.77
10,F,35,6,english,9,8,terrible,2,0.52,0.31,0.21,0.38,0.24,0.07,0.08
11,M,35,4,English,1,2,amazing,5,0.03,0.03,0.01,0.28,0.16,0.83,0.83
11,M,35,4,English,2,4,ok,3,0.31,0.17,0.24,0.51,0.24,0.36,0.34
11,M,35,4,English,3,1,amazing,5,0.05,0.01,0.04,0.15,0.22,0.91,0.8
11,M,35,4,English,4,3,amazing,5,0.09,0.06,0.05,0.1,0.15,0.92,0.79
11,M,35,4,English,5,6,ok,4,0.08,0.14,0.12,0.29,0.41,0.67,0.53
11,M,35,4,English,6,5,ok,3,0.25,0.28,0.21,0.43,0.46,0.39,0.38
11,M,35,4,English,7,9,terrible,2,0.63,0.67,0.59,0.26,0.28,0.09,0.22
11,M,35,4,English,8,8,terrible,2,0.75,0.73,0.58,0.28,0.36,0.09,0.23
11,M,35,4,English,9,7,terrible,1,0.8,0.79,0.93,0.05,0.27,0.06,0.11
12,M,25,4,english,1,9,terrible,1,0.44,0.26,0.35,0.44,0.36,0.38,0.24
12,M,25,4,english,2,6,ok,4,0.05,0.32,0.05,0.55,0.51,0.69,0.53
12,M,25,4,english,3,7,terrible,1,0.71,0.74,0.45,0.52,0.48,0.47,0.3
12,M,25,4,english,4,4,ok,3,0.37,0.43,0.44,0.36,0.44,0.36,0.44
12,M,25,4,english,5,5,ok,4,0.27,0.24,0.45,0.58,0.48,0.6,0.45
12,M,25,4,english,6,8,terrible,3,0.29,0.63,0.39,0.78,0.49,0.66,0.44
12,M,25,4,english,7,1,amazing,5,0.03,0.08,0.03,0.76,0.74,0.96,0.83
12,M,25,4,english,8,2,amazing,5,0.05,0.04,0.06,0.94,0.94,0.93,0.93
12,M,25,4,english,9,3,amazing,5,0.04,0.03,0.03,0.56,0.98,0.98,0.97
13,F,45,0,English,1,4,ok,3,0.52,0.13,0.12,0.77,0.62,0.52,0.52
13,F,45,0,English,2,2,amazing,5,0.3,0.06,0.06,0.3,0.85,0.86,0.74
13,F,45,0,English,3,3,amazing,4,0.17,0.06,0.06,0.32,0.86,0.78,0.6
13,F,45,0,English,4,1,amazing,4,0.21,0.04,0.04,0.42,0.81,0.68,0.52
13,F,45,0,English,5,7,terrible,2,0.51,0.64,0.21,0.35,0.2,0.2,0.08
13,F,45,0,English,6,9,terrible,2,0.52,0.65,0.25,0.25,0.25,0.18,0.14
13,F,45,0,English,7,5,ok,3,0.58,0.07,0.07,0.77,0.49,0.43,0.31
13,F,45,0,English,8,8,terrible,3,0.59,0.33,0.15,0.52,0.4,0.22,0.24
13,F,45,0,English,9,6,ok,3,0.39,0.09,0.09,0.76,0.58,0.4,0.39
14,M,35,4,English,1,1,amazing,5,0,0,0,0,1,1,1
14,M,35,4,English,2,2,amazing,5,0,0,0,0,1,1,1
14,M,35,4,English,3,7,terrible,2,0.9,0.78,0.71,0.26,0.03,0,0
14,M,35,4,English,4,5,ok,4,0.01,0,0,0.01,0.95,0.91,0.97
14,M,35,4,English,5,6,ok,5,0.01,0,0,0.01,0.95,0.97,0.98
14,M,35,4,English,6,4,ok,3,0.03,0.02,0.02,0.86,0.68,0.72,0.78
14,M,35,4,English,7,9,terrible,1,0.95,0.89,0.76,0,0.01,0,0
14,M,35,4,English,8,3,amazing,5,0.02,0,0,0.02,0.99,0.99,0.99
14,M,35,4,English,9,8,terrible,3,0.03,0,0,1,0.03,0.03,0.02
15,F,65,0,English,1,8,terrible,3,0.22,0,0,0.22,0.59,0.21,0
15,F,65,0,English,2,9,terrible,2,0.72,0.76,0.39,0.49,0.42,0.07,0
15,F,65,0,English,3,2,amazing,5,0,0,0,0,1,1,0.98
15,F,65,0,English,4,7,terrible,1,0.93,0.73,0.23,0.23,0.31,0.01,0
15,F,65,0,English,5,3,amazing,5,0.09,0.1,0.09,0.09,1,1,1
15,F,65,0,English,6,6,ok,5,0.04,0.04,0.04,0.04,1,1,1
15,F,65,0,English,7,5,ok,4,0.06,0.06,0.06,0.06,0.66,0.65,0.66
15,F,65,0,English,8,4,ok,4,0.08,0.06,0.08,0.08,0.86,0.85,0.85
15,F,65,0,English,9,1,amazing,5,0.1,0.12,0.11,0.12,1,0.99,1
16,F,45,8,English,1,9,terrible,2,0.37,0.05,0.07,0.56,0.58,0.48,0.29
16,F,45,8,English,2,3,amazing,5,0,0.03,0.03,0.39,1,1,1
16,F,45,8,English,3,6,ok,4,0,0,0,0.29,0.87,0.77,0.8
16,F,45,8,English,4,4,ok,4,0.09,0.01,0.03,0.64,0.69,0.89,0.88
16,F,45,8,English,5,5,ok,3,0,0,0.02,0.63,0.75,0.65,0.41
16,F,45,8,English,6,8,terrible,2,0.22,0,0.1,0.29,0.47,0.39,0.64
16,F,45,8,English,7,7,terrible,1,0.26,0.02,0.16,0.41,0.28,0.26,0.19
16,F,45,8,English,8,2,amazing,4,0.1,0,0.21,0.44,0.39,0.51,0.29
16,F,45,8,English,9,1,amazing,5,0,0,0,0.42,0.73,0.86,0.48
17,M,35,4,English,1,4,ok,3,0.22,0.1,0.1,0.37,0.57,0.58,0.25
17,M,35,4,English,2,1,amazing,5,0.02,0.01,0.02,0.17,0.91,0.97,0.97
17,M,35,4,English,3,6,ok,4,0.01,0.01,0.02,0.31,0.82,0.9,0.74
17,M,35,4,English,4,3,amazing,5,0.02,0.01,0.02,0.01,0.89,0.98,0.98
17,M,35,4,English,5,7,terrible,1,0.6,0.67,0.58,0.22,0.15,0.2,0.07
17,M,35,4,English,6,2,amazing,5,0.02,0.01,0.02,0.12,0.83,0.97,0.85
17,M,35,4,English,7,8,terrible,2,0.44,0.32,0.45,0.43,0.35,0.29,0.23
17,M,35,4,English,8,9,terrible,1,0.82,0.71,0.64,0.28,0.16,0.16,0.13
17,M,35,4,English,9,5,ok,4,0.15,0.09,0.1,0.51,0.74,0.84,0.68
18,M,25,6,English,1,6,ok,4,0.32,0.16,0.14,0.61,0.6,0.38,0.06
18,M,25,6,English,2,5,ok,4,0.06,0.08,0.07,0.49,0.34,0.72,0.56
18,M,25,6,English,3,2,amazing,5,0.12,0.1,0.01,0.38,0.62,0.9,0.72
18,M,25,6,English,4,9,terrible,2,0.55,0.83,0.46,0.33,0.24,0.1,0.49
18,M,25,6,English,5,4,ok,3,0.5,0.48,0.22,0.67,0.62,0.1,0.1
18,M,25,6,English,6,1,amazing,5,0.02,0.2,0.14,0.14,0.75,0.83,0.69
18,M,25,6,English,7,7,terrible,1,0.58,0.73,0.69,0.07,0.09,0.03,0.13
18,M,25,6,English,8,3,amazing,5,0.04,0.19,0.2,0.31,0.57,0.83,0.62
18,M,25,6,English,9,8,terrible,2,0.59,0.68,0.05,0.19,0.57,0.08,0.31
19,M,45,8,english,1,9,terrible,2,0.54,0.32,0.34,0.24,0.37,0.45,0.35
19,M,45,8,english,2,3,amazing,5,0.05,0.02,0,0.04,0.98,1,0.95
19,M,45,8,english,3,8,terrible,3,0.28,0.19,0.19,0.65,0.59,0.48,0.34
19,M,45,8,english,4,4,ok,4,0.16,0.06,0.03,0.39,0.59,0.57,0.64
19,M,45,8,english,5,2,amazing,5,0.11,0.06,0.09,0.21,0.86,0.91,0.67
19,M,45,8,english,6,6,ok,4,0.15,0.07,0.03,0.18,0.67,0.66,0.64
19,M,45,8,english,7,7,terrible,1,0.44,0.66,0.44,0.34,0.09,0.28,0.11
19,M,45,8,english,8,5,ok,4,0.25,0.19,0.45,0.47,0.66,0.58,0.6
19,M,45,8,english,9,1,amazing,5,0.57,0.19,0.3,0.4,0.58,0.44,0.45
20,M,25,8,English,1,1,amazing,5,0,0,0,0,0.82,0.78,0.72
20,M,25,8,English,2,3,amazing,5,0,0,0,0,0.86,0.8,0.64
20,M,25,8,English,3,9,terrible,1,0.74,0.46,0.59,0.15,0.18,0,0.01
20,M,25,8,English,4,7,terrible,1,0.54,0.49,0.71,0.14,0,0.05,0.01
20,M,25,8,English,5,4,ok,3,0.35,0.33,0.33,0.22,0.26,0.12,0.06
20,M,25,8,English,6,8,terrible,4,0.27,0.09,0.21,0.65,0.43,0.32,0.21
20,M,25,8,English,7,5,ok,4,0.1,0.05,0.11,0.53,0.7,0.41,0.34
20,M,25,8,English,8,6,ok,5,0,0,0,0.26,0.69,0.56,0.35
20,M,25,8,English,9,2,amazing,5,0,0,0,0.12,0.86,0.75,0.58
21,M,45,6,English,1,2,amazing,5,0.18,0.1,0.13,0.34,0.63,0.83,0.79
21,M,45,6,English,2,1,amazing,5,0.15,0.1,0.06,0.32,0.71,0.83,0.86
21,M,45,6,English,3,8,terrible,3,0.19,0.12,0.14,0.44,0.53,0.62,0.52
21,M,45,6,English,4,5,ok,4,0.13,0.1,0.1,0.48,0.55,0.81,0.72
21,M,45,6,English,5,7,terrible,2,0.22,0.15,0.18,0.34,0.29,0.61,0.46
21,M,45,6,English,6,3,amazing,5,0.13,0.06,0.02,0.4,0.54,0.9,0.8
21,M,45,6,English,7,6,ok,4,0.16,0.1,0.12,0.41,0.51,0.81,0.78
21,M,45,6,English,8,4,ok,4,0.2,0.07,0.1,0.51,0.61,0.82,0.81
21,M,45,6,English,9,9,terrible,2,0.2,0.09,0.14,0.39,0.44,0.58,0.63
22,M,35,11,English,1,5,ok,4,0.35,0.01,0.16,0.81,0.79,0.52,0.51
22,M,35,11,English,2,4,ok,4,0.02,0.02,0.02,0.49,0.97,0.77,0.65
22,M,35,11,English,3,1,amazing,5,0,0,0,0.48,0.99,0.99,0.89
22,M,35,11,English,4,9,terrible,1,0.86,0.68,0.64,0.11,0.09,0.01,0.01
22,M,35,11,English,5,8,terrible,2,0.71,0.08,0.32,0.22,0.32,0.19,0.06
22,M,35,11,English,6,6,ok,4,0.02,0.01,0.02,0.39,0.87,0.88,0.65
22,M,35,11,English,7,7,terrible,1,0.75,0.35,0.82,0.47,0.11,0.12,0.12
22,M,35,11,English,8,2,amazing,5,0.01,0.01,0.01,0.21,0.8,0.92,0.88
22,M,35,11,English,9,3,amazing,5,0.01,0.01,0.01,0.22,0.73,0.96,0.97
23,F,25,4,English,1,6,ok,5,0.02,0.02,0.02,0.24,0.96,0.83,0.74
23,F,25,4,English,2,9,terrible,1,0.88,0.93,0.8,0.53,0.57,0.17,0.33
23,F,25,4,English,3,7,terrible,2,0.65,0.24,0.64,0.07,0.46,0.34,0.56
23,F,25,4,English,4,2,amazing,5,0,0.02,0.02,0.14,0.93,0.85,0.92
23,F,25,4,English,5,1,amazing,5,0.02,0.02,0.02,0.58,0.96,1,0.78
23,F,25,4,English,6,8,terrible,3,0.59,0.24,0,0.9,0.84,0.3,0.02
23,F,25,4,English,7,4,ok,3,0.31,0.1,0.03,0.97,0.87,0.12,0.07
23,F,25,4,English,8,5,ok,4,0.01,0.01,0.01,0.71,0.96,0.75,0.17
23,F,25,4,English,9,3,amazing,5,0.02,0.02,0.02,0.03,1,0.97,0.97
24,M,35,4,english,1,9,terrible,1,0.48,0.73,0.83,0.18,0.16,0.09,0.1
24,M,35,4,english,2,7,terrible,1,0.44,0.74,0.8,0.1,0.06,0.1,0.04
24,M,35,4,english,3,2,amazing,5,0.03,0.05,0.05,0.16,0.76,0.61,0.69
24,M,35,4,english,4,6,ok,3,0.1,0.1,0.11,0.88,0.34,0.22,0.08
24,M,35,4,english,5,4,ok,3,0.09,0.08,0.11,0.85,0.27,0.16,0.05
24,M,35,4,english,6,5,ok,3,0.07,0.07,0.11,0.92,0.43,0.18,0.07
24,M,35,4,english,7,1,amazing,4,0.04,0.1,0.05,0.19,0.68,0.54,0.14
24,M,35,4,english,8,3,amazing,5,0.05,0.04,0.05,0.16,0.62,0.78,0.37
24,M,35,4,english,9,8,terrible,1,0.22,0.43,0.33,0.16,0.08,0.09,0.07
25,F,35,10,English,1,3,amazing,5,0.25,0.03,0.09,0.17,0.87,0.79,0.68
25,F,35,10,English,2,1,amazing,5,0.2,0,0.13,0.22,0.89,0.7,0.65
25,F,35,10,English,3,9,terrible,2,0.73,0.65,0.77,0.52,0.22,0.29,0.25
25,F,35,10,English,4,6,ok,3,0.35,0.3,0.29,0.8,0.55,0.48,0.28
25,F,35,10,English,5,2,amazing,5,0.05,0.11,0.06,0.1,0.96,0.86,0.92
25,F,35,10,English,6,8,terrible,3,0.65,0.51,0.37,0.84,0.28,0.14,0.23
25,F,35,10,English,7,4,ok,2,0.58,0.51,0.53,0.84,0.23,0.28,0.34
25,F,35,10,English,8,5,ok,3,0.35,0.35,0.35,0.97,0.44,0.43,0.37
25,F,35,10,English,9,7,terrible,1,0.7,0.91,0.81,0.21,0.12,0.22,0.17
26,F,65,4,English,1,4,ok,4,0.14,0.13,0.14,0.61,0.55,0.78,0.75
26,F,65,4,English,2,9,terrible,2,0.78,0.87,0.78,0.28,0.25,0.01,0.02
26,F,65,4,English,3,5,ok,4,0.22,0.01,0.22,0.51,0.7,0.68,0.68
26,F,65,4,English,4,6,ok,4,0.04,0.01,0.03,0.49,0.87,0.99,0.88
26,F,65,4,English,5,7,terrible,1,0.98,0.99,0.99,0.01,0.02,0.01,0.01
26,F,65,4,English,6,1,amazing,4,0.01,0.02,0.01,0.53,0.98,0.86,0.8
26,F,65,4,English,7,3,amazing,4,0.03,0.02,0.02,0.51,0.93,0.94,0.91
26,F,65,4,English,8,8,terrible,3,0.27,0.4,0.05,0.63,0.32,0.37,0.33
26,F,65,4,English,9,2,amazing,5,0.01,0.01,0.01,0.44,0.99,0.99,0.99
27,F,45,11,English,1,8,terrible,4,0.31,0.13,0.08,0.47,0.76,0.72,0.69
27,F,45,11,English,2,2,amazing,5,0.09,0.1,0.02,0,0.97,0.97,0.97
27,F,45,11,English,3,1,amazing,5,0.03,0.03,0.03,0.03,0.97,0.96,0.96
27,F,45,11,English,4,3,amazing,5,0.06,0.02,0.03,0.02,0.97,0.97,0.98
27,F,45,11,English,5,6,ok,4,0.04,0.04,0.01,0.48,0.72,0.69,0.47
27,F,45,11,English,6,5,ok,4,0.16,0.16,0.15,0.64,0.73,0.74,0.17
27,F,45,11,English,7,4,ok,3,0.33,0.02,0.03,0.03,0.31,0.38,0.03
27,F,45,11,English,8,7,terrible,1,0.89,0.82,0.76,0.14,0.11,0.14,0.1
27,F,45,11,English,9,9,terrible,1,0.73,0.75,0.74,0.14,0.12,0.13,0.13
28,M,35,4,English,1,6,ok,4,0.03,0.03,0.05,0.24,0.71,0.5,0.5
28,M,35,4,English,2,9,terrible,1,0.48,0.48,0.24,0.03,0.03,0.05,0.01
28,M,35,4,English,3,4,ok,3,0.03,0.03,0.02,0.91,0.44,0.04,0.06
28,M,35,4,English,4,7,terrible,2,0.46,0.25,0.29,0.01,0.27,0.03,0.12
28,M,35,4,English,5,1,amazing,5,0.01,0.01,0.02,0.06,0.76,0.74,0.72
28,M,35,4,English,6,5,ok,4,0.02,0.03,0.01,0.3,0.47,0.39,0.51
28,M,35,4,English,7,2,amazing,5,0.02,0.01,0.03,0.04,0.82,0.82,0.8
28,M,35,4,English,8,3,amazing,5,0.03,0.06,0.03,0.01,0.75,0.79,0.79
28,M,35,4,English,9,8,terrible,2,0.69,0.04,0.08,0.17,0.29,0.35,0.03
29,F,25,4,English,1,7,terrible,2,0.5,0.23,0.48,0.68,0.69,0.47,0.49
29,F,25,4,English,2,8,terrible,4,0.2,0.15,0.04,0.7,0.7,0.73,0.4
29,F,25,4,English,3,3,amazing,5,0.17,0.07,0.04,0.86,0.88,0.8,0.74
29,F,25,4,English,4,9,terrible,3,0.46,0.11,0.11,0.76,0.67,0.51,0.24
29,F,25,4,English,5,6,ok,4,0.24,0.05,0.05,0.83,0.89,0.85,0.49
29,F,25,4,English,6,2,amazing,5,0.07,0.06,0.05,0.82,0.9,0.91,0.52
29,F,25,4,English,7,4,ok,4,0.48,0.26,0.12,0.45,0.71,0.51,0.45
29,F,25,4,English,8,5,ok,4,0.46,0.06,0.07,0.51,0.69,0.63,0.49
29,F,25,4,English,9,1,amazing,5,0.29,0.06,0.06,0.6,0.74,0.84,0.47
30,F,35,4,English,1,9,terrible,1,1,0.73,0.53,0,0.01,0.01,0
30,F,35,4,English,2,4,ok,4,0.07,0.06,0.07,0.33,0.9,0.54,0.2
30,F,35,4,English,3,7,terrible,1,1,1,0.85,0,0,0.01,0
30,F,35,4,English,4,3,amazing,5,0,0,0,0,0.99,1,1
30,F,35,4,English,5,5,ok,4,0.01,0,0,0.39,0.86,0.81,0.46
30,F,35,4,English,6,6,ok,4,0,0,0,0,1,0.87,0.35
30,F,35,4,English,7,2,amazing,5,0,0,0,0.01,1,1,0.91
30,F,35,4,English,8,1,amazing,5,0,0,0,0,1,1,0.99
30,F,35,4,English,9,8,terrible,2,0.54,0.17,0.12,0.17,0,0,0
31,M,35,4,english,1,8,terrible,1,1,1,1,0,0,0,0
31,M,35,4,english,2,2,amazing,5,0,0,0,0,1,1,1
31,M,35,4,english,3,6,ok,3,0.19,0.17,0.15,1,0.43,0.52,0.29
31,M,35,4,english,4,5,ok,4,0.04,0.03,0.05,0.84,0.53,0.48,0.49
31,M,35,4,english,5,1,amazing,5,0,0,0,0,1,1,1
31,M,35,4,english,6,3,amazing,5,0,0,0,0.28,1,1,1
31,M,35,4,english,7,4,ok,4,0.17,0.06,0.03,0.48,0.78,0.42,0.54
31,M,35,4,english,8,9,terrible,1,1,1,1,0,0,0,0
31,M,35,4,english,9,7,terrible,1,1,1,1,0,0,0,0
32,F,45,8,English,1,2,amazing,5,0.08,0.09,0.09,0.52,0.85,0.8,0.77
32,F,45,8,English,2,1,amazing,4,0.08,0.07,0.12,0.51,0.85,0.91,0.68
32,F,45,8,English,3,7,terrible,2,0.6,0.7,0.72,0.37,0.21,0.23,0.42
32,F,45,8,English,4,4,ok,3,0.62,0.07,0.3,0.48,0.7,0.43,0.42
32,F,45,8,English,5,8,terrible,4,0.56,0.08,0.26,0.49,0.76,0.69,0.65
32,F,45,8,English,6,9,terrible,2,0.55,0.61,0.71,0.31,0.23,0.27,0.16
32,F,45,8,English,7,5,ok,5,0.09,0.07,0.07,0.18,0.64,0.87,0.74
32,F,45,8,English,8,3,amazing,5,0.06,0.06,0.08,0.11,0.58,0.87,0.88
32,F,45,8,English,9,6,ok,4,0.11,0.07,0.1,0.39,0.85,0.87,0.69
33,F,35,4,english,1,1,amazing,5,0.04,0,0.01,0.61,0.58,0.77,1
33,F,35,4,english,2,5,ok,3,0.22,0.26,0.07,0.41,0.46,0.23,0.2
33,F,35,4,english,3,2,amazing,4,0,0.11,0.03,0.74,0.9,0.72,0.64
33,F,35,4,english,4,4,ok,2,0.55,0.1,0.31,0.53,0.55,0.23,0.12
33,F,35,4,english,5,7,terrible,1,0.83,0.92,0.96,0.16,0.08,0.03,0.04
33,F,35,4,english,6,3,amazing,5,0.03,0.02,0.02,0.66,0.05,0.99,0.99
33,F,35,4,english,7,8,terrible,2,0.15,0.56,0.25,0.29,0.39,0.11,0.09
33,F,35,4,english,8,6,ok,3,0.19,0.23,0.01,0.47,0.49,0.24,0.24
33,F,35,4,english,9,9,terrible,1,0.97,0.84,0.96,0.03,0.04,0.02,0.14
34,F,45,11,English,1,6,ok,5,0.01,0.01,0.01,0.01,0.02,0.99,1
34,F,45,11,English,2,4,ok,4,0.2,0.02,0.02,0.47,0.48,0.48,0.47
34,F,45,11,English,3,2,amazing,5,0.01,0.01,0.01,0.02,0.99,0.99,0.99
34,F,45,11,English,4,5,ok,3,0.48,0.16,0.21,0.83,0.65,0.49,0.48
34,F,45,11,English,5,9,terrible,2,0.53,0.02,0.21,0.25,0.14,0.01,0.01
34,F,45,11,English,6,7,terrible,1,0.34,0.58,0.07,0.02,0.02,0.02,0.02
34,F,45,11,English,7,8,terrible,3,0.02,0,0.01,0.97,0.38,0.13,0.16
34,F,45,11,English,8,1,amazing,5,0.01,0.02,0.01,0.02,0.99,0.99,0.99
34,F,45,11,English,9,3,amazing,5,0.02,0.02,0.01,0.02,0.99,0.98,0.99
35,F,45,8,English,1,1,amazing,5,0.01,0,0.01,0.51,1,0.98,0.48
35,F,45,8,English,2,9,terrible,1,0.48,0.48,0.48,0.02,0.48,0.48,0.49
35,F,45,8,English,3,6,ok,4,0,0,0.02,0.47,0.48,0.48,0.48
35,F,45,8,English,4,3,amazing,5,0.02,0,0,0.46,0.48,0.62,0.49
35,F,45,8,English,5,8,terrible,3,0.54,0.25,0.14,0.47,0.52,0.48,0.33
35,F,45,8,English,6,7,terrible,2,0.01,0.01,0.48,0.13,0.5,0.49,0.49
35,F,45,8,English,7,5,ok,3,0,0,0,0.67,0.5,0.51,0.06
35,F,45,8,English,8,2,amazing,5,0,0,0,0.34,0.47,0.83,0.45
35,F,45,8,English,9,4,ok,2,0.47,0,0.33,0.44,0.47,0.32,0
36,F,35,10,English,1,7,terrible,2,0.25,0.98,0.21,0.47,0.26,0.26,0.24
36,F,35,10,English,2,6,ok,5,0.02,0.01,0.01,0.4,0.98,0.98,0.99
36,F,35,10,English,3,5,ok,5,0.02,0.01,0.02,0.01,0.98,0.98,0.98
36,F,35,10,English,4,8,terrible,4,0.48,0.49,0.47,0.48,0.46,0.49,0.47
36,F,35,10,English,5,4,ok,5,0,0.02,0.01,0.05,0.68,0.99,0.97
36,F,35,10,English,6,1,amazing,5,0.02,0.02,0.02,0.99,0.99,0.98,0.96
36,F,35,10,English,7,3,amazing,5,0.01,0.01,0.02,0.98,1,0.98,0.98
36,F,35,10,English,8,2,amazing,5,0.01,0.01,0.01,0.98,0.98,0.98,0.99
36,F,35,10,English,9,9,terrible,3,0.51,0.51,0.52,0.51,0.51,0.53,0.51
37,M,45,8,english,1,3,amazing,5,0,0,0,0,1,1,1
37,M,45,8,english,2,1,amazing,5,0,0,0,0.52,1,1,1
37,M,45,8,english,3,4,ok,3,0.5,0.5,0.5,0.79,0.61,0.5,0.2
37,M,45,8,english,4,5,ok,4,0.13,0.13,0.13,0.66,0.87,0.67,0.35
37,M,45,8,english,5,2,amazing,5,0,0,0,0.52,1,1,1
37,M,45,8,english,6,8,terrible,2,0.67,0.52,0.67,0.19,0.37,0.3,0.2
37,M,45,8,english,7,7,terrible,1,0.94,0.94,0.94,0.51,0,0.22,0.31
37,M,45,8,english,8,6,ok,5,0,0,0,0.52,1,1,0.93
37,M,45,8,english,9,9,terrible,1,1,0.93,0.89,0.25,0.06,0.05,0.05
38,M,25,4,English,1,8,terrible,2,0.08,0.06,0.27,0.12,0.09,0.16,0.14
38,M,25,4,English,2,5,ok,4,0.06,0.06,0.07,0.07,0.75,0.74,0.74
38,M,25,4,English,3,2,amazing,5,0.05,0.04,0.02,0.05,0.88,0.94,0.96
38,M,25,4,English,4,1,amazing,5,0.05,0.05,0.01,0.03,0.91,0.95,0.95
38,M,25,4,English,5,3,amazing,5,0.02,0.07,0.04,0.05,0.88,0.96,0.95
38,M,25,4,English,6,7,terrible,1,0.54,0.63,0.52,0.06,0.03,0.06,0.05
38,M,25,4,English,7,6,ok,3,0.08,0.05,0.2,0.47,0.73,0.49,0.47
38,M,25,4,English,8,9,terrible,1,0.39,0.4,0.07,0.19,0.2,0.19,0.19
38,M,25,4,English,9,4,ok,2,0.23,0.18,0.22,0.14,0.16,0.14,0.15
39,F,45,4,English,1,2,amazing,5,0.08,0.11,0.1,0.45,0.59,0.86,0.8
39,F,45,4,English,2,3,amazing,5,0.01,0.02,0.02,0.23,0.88,0.92,0.92
39,F,45,4,English,3,9,terrible,2,0.55,0.48,0.23,0.39,0.41,0.1,0.12
39,F,45,4,English,4,6,ok,4,0.09,0.1,0.1,0.45,0.49,0.47,0.53
39,F,45,4,English,5,1,amazing,5,0.04,0.06,0.05,0.42,0.42,0.82,0.76
39,F,45,4,English,6,5,ok,5,0.02,0.04,0.05,0.13,0.72,0.76,0.77
39,F,45,4,English,7,7,terrible,3,0.18,0.19,0.15,0.43,0.44,0.4,0.37
39,F,45,4,English,8,8,terrible,3,0.25,0.25,0.14,0.48,0.42,0.43,0.38
39,F,45,4,English,9,4,ok,4,0.11,0.21,0.09,0.45,0.54,0.52,0.59
40,M,65,4,english,1,4,ok,3,0.15,0.09,0.08,0.88,0.71,0.52,0.19
40,M,65,4,english,2,3,amazing,5,0.01,0.01,0.09,0.11,0.88,0.82,0.89
40,M,65,4,english,3,6,ok,4,0.01,0.01,0.04,0.24,0.88,0.64,0.54
40,M,65,4,english,4,9,terrible,1,0.75,0.07,0.17,0.1,0.11,0.28,0.1
40,M,65,4,english,5,5,ok,4,0.05,0.05,0.01,0.75,0.52,0.63,0.26
40,M,65,4,english,6,8,terrible,2,0.53,0.06,0.04,0.35,0.17,0.35,0.23
40,M,65,4,english,7,7,terrible,1,0.27,0.48,0.28,0.06,0.13,0.17,0.12
40,M,65,4,english,8,2,amazing,5,0,0,0.02,0.05,0.91,0.82,0.72
40,M,65,4,english,9,1,amazing,4,0.02,0.02,0.01,0.1,0.93,0.78,0.6
41,M,35,8,English,1,6,ok,4,0.04,0,0.01,0.37,0.81,0.65,0.52
41,M,35,8,English,2,1,amazing,5,0.01,0.02,0.01,0.14,0.89,0.8,0.71
41,M,35,8,English,3,9,terrible,1,0.61,0.16,0.32,0.21,0.13,0.04,0.04
41,M,35,8,English,4,3,amazing,5,0.01,0.01,0.02,0.13,0.89,0.83,0.76
41,M,35,8,English,5,5,ok,4,0.13,0.03,0.06,0.39,0.66,0.53,0.36
41,M,35,8,English,6,7,terrible,2,0.19,0.13,0.17,0.24,0.16,0.14,0.08
41,M,35,8,English,7,2,amazing,5,0.03,0.04,0.03,0.11,0.9,0.76,0.65
41,M,35,8,English,8,4,ok,3,0.2,0.1,0.1,0.74,0.47,0.23,0.17
41,M,35,8,English,9,8,terrible,3,0.15,0.06,0.1,0.7,0.54,0.27,0.07
42,F,45,10,english,1,9,terrible,1,0.51,0.85,0.32,0.17,0.02,0.09,0.02
42,F,45,10,english,2,5,ok,4,0.09,0.1,0.04,0.79,0.73,0.81,0.25
42,F,45,10,english,3,4,ok,3,0.11,0.04,0.03,0.87,0.61,0.49,0.07
42,F,45,10,english,4,7,terrible,2,0.34,0.69,0.4,0.16,0.07,0.13,0.21
42,F,45,10,english,5,8,terrible,1,0.45,0.79,0.33,0.14,0.1,0.07,0.08
42,F,45,10,english,6,3,amazing,5,0.03,0.02,0.02,0.04,0.58,0.82,0.66
42,F,45,10,english,7,2,amazing,5,0.04,0.03,0.02,0.3,0.81,0.86,0.76
42,F,45,10,english,8,6,ok,4,0.09,0.09,0.05,0.74,0.82,0.74,0.26
42,F,45,10,english,9,1,amazing,5,0.09,0.05,0.06,0.57,0.82,0.89,0.49
43,F,65,10,English,1,5,ok,4,0.08,0.06,0.15,0.49,0.91,0.77,0.59
43,F,65,10,English,2,1,amazing,5,0.01,0,0.02,0.18,0.68,0.98,0.86
43,F,65,10,English,3,9,terrible,2,0.86,0.48,0.71,0.19,0.2,0.04,0.28
43,F,65,10,English,4,8,terrible,3,0.19,0.19,0.32,0.77,0.65,0.41,0.31
43,F,65,10,English,5,2,amazing,5,0,0.01,0,0.07,0.74,1,0.96
43,F,65,10,English,6,4,ok,2,0.45,0.37,0.52,0.32,0.32,0.25,0.22
43,F,65,10,English,7,3,amazing,5,0,0,0.01,0.15,0.74,0.99,0.92
43,F,65,10,English,8,7,terrible,1,0.85,0.93,0.92,0.17,0.11,0.04,0.07
43,F,65,10,English,9,6,ok,4,0.19,0.15,0.11,0.47,0.49,0.64,0.71
44,M,45,4,English,1,6,ok,4,0.1,0.11,0.11,0.4,0.68,0.72,0.62
44,M,45,4,English,2,5,ok,4,0.11,0.15,0.14,0.29,0.79,0.73,0.63
44,M,45,4,English,3,9,terrible,1,0.8,0.74,0.57,0.08,0.08,0.08,0.11
44,M,45,4,English,4,2,amazing,5,0.03,0.04,0.01,0.23,0.86,0.89,0.9
44,M,45,4,English,5,7,terrible,1,0.72,0.7,0.51,0.2,0.11,0.16,0.23
44,M,45,4,English,6,4,ok,2,0.65,0.47,0.36,0.37,0.24,0.27,0.11
44,M,45,4,English,7,3,amazing,5,0.01,0.02,0.03,0.05,0.9,0.96,0.96
44,M,45,4,English,8,1,amazing,5,0.09,0.03,0.01,0.12,0.92,0.89,0.94
44,M,45,4,English,9,8,terrible,2,0.71,0.68,0.35,0.32,0.33,0.16,0.26
45,M,17,4,English,1,9,terrible,1,0.97,0.01,0.63,0.1,0.01,0.03,0.01
45,M,17,4,English,2,2,amazing,5,0.01,0,0,0,0.98,0.98,0.98
45,M,17,4,English,3,6,ok,3,0.02,0,0.12,0.53,0.96,0.62,0.45
45,M,17,4,English,4,5,ok,4,0.22,0.01,0.03,0.78,0.78,0.45,0.4
45,M,17,4,English,5,4,ok,3,0.07,0.05,0.01,0.66,0.86,0.3,0.01
45,M,17,4,English,6,8,terrible,2,0.38,0.07,0.21,0.01,0.27,0.01,0.01
45,M,17,4,English,7,7,terrible,1,0.98,0.97,0.97,0.01,0.01,0.02,0.02
45,M,17,4,English,8,1,amazing,5,0.01,0.01,0.02,0.46,0.43,0.99,0.98
45,M,17,4,English,9,3,amazing,5,0.01,0.01,0.02,0.47,0.51,0.98,0.97
46,F,35,6,english,1,3,amazing,5,0.05,0.02,0.01,0.33,0.76,0.77,0.55
46,F,35,6,english,2,8,terrible,2,0.63,0.08,0.47,0.58,0.33,0.43,0.32
46,F,35,6,english,3,4,ok,3,0.48,0.02,0.38,0.81,0.17,0.46,0.25
46,F,35,6,english,4,1,amazing,5,0.08,0.09,0.08,0.18,0.77,0.96,0.66
46,F,35,6,english,5,6,ok,4,0.14,0.14,0.13,0.36,0.79,0.75,0.55
46,F,35,6,english,6,7,terrible,1,0.65,0.48,0.84,0.26,0.02,0.01,0.02
46,F,35,6,english,7,2,amazing,5,0.23,0.16,0.16,0.45,0.96,0.83,0.64
46,F,35,6,english,8,9,terrible,1,0.48,0.17,0.69,0.35,0.11,0.02,0.03
46,F,35,6,english,9,5,ok,5,0.12,0.15,0.13,0.61,0.92,0.73,0.69
47,F,55,10,English,1,1,amazing,5,0.02,0.01,0,0.14,0.84,0.95,0.88
47,F,55,10,English,2,4,ok,4,0.4,0.04,0.04,0.3,0.65,0.53,0.28
47,F,55,10,English,3,9,terrible,2,0.36,0.01,0.39,0.34,0.15,0.04,0.03
47,F,55,10,English,4,3,amazing,5,0.01,0.01,0.03,0.16,0.83,0.88,0.89
47,F,55,10,English,5,7,terrible,2,0.2,0,0.28,0.2,0.15,0.16,0.03
47,F,55,10,English,6,2,amazing,5,0.01,0.01,0,0.28,0.83,0.94,0.92
47,F,55,10,English,7,6,ok,4,0.02,0,0.03,0.44,0.65,0.67,0.54
47,F,55,10,English,8,8,terrible,3,0.27,0.01,0.01,0.46,0.43,0.48,0.17
47,F,55,10,English,9,5,ok,4,0.19,0.02,0,0.48,0.62,0.69,0.33
48,M,45,4,English,1,3,amazing,5,0.1,0.02,0.07,0.24,0.86,0.86,0.8
48,M,45,4,English,2,9,terrible,1,0.59,0.52,0.55,0.24,0.31,0.25,0.15
48,M,45,4,English,3,6,ok,4,0.13,0.07,0.35,0.53,0.7,0.63,0.64
48,M,45,4,English,4,7,terrible,2,0.47,0.61,0.58,0.32,0.11,0.16,0.23
48,M,45,4,English,5,1,amazing,5,0.19,0.06,0.18,0.26,0.74,0.7,0.67
48,M,45,4,English,6,5,ok,3,0.09,0.08,0.13,0.51,0.68,0.69,0.57
48,M,45,4,English,7,2,amazing,5,0.09,0.05,0.12,0.32,0.77,0.78,0.67
48,M,45,4,English,8,4,ok,3,0.17,0.04,0.11,0.48,0.62,0.29,0.28
48,M,45,4,English,9,8,terrible,3,0.48,0.49,0.55,0.46,0.27,0.32,0.25
49,F,25,4,English,1,6,ok,5,0.01,0.24,0.01,0.33,0.9,0.99,0.97
49,F,25,4,English,2,3,amazing,5,0.03,0.03,0.03,0.48,0.81,0.98,0.98
49,F,25,4,English,3,1,amazing,4,0.01,0.01,0.04,0.48,0.97,0.96,0.58
49,F,25,4,English,4,5,ok,3,0.04,0.04,0.04,0.95,0.95,0.46,0.1
49,F,25,4,English,5,4,ok,2,0.57,0.02,0.3,0.73,0.4,0.12,0.04
49,F,25,4,English,6,2,amazing,5,0.01,0.04,0.01,0.16,0.83,0.99,0.99
49,F,25,4,English,7,7,terrible,3,0.19,0.09,0.43,0.71,0.59,0.74,0.01
49,F,25,4,English,8,9,terrible,1,0.95,0.4,0.45,0.05,0.08,0.04,0.02
49,F,25,4,English,9,8,terrible,1,0.45,0.54,0.79,0.07,0.18,0.13,0.12
50,M,17,8,English,1,7,terrible,2,0.87,0.71,0.67,0.08,0.14,0.15,0.03
50,M,17,8,English,2,4,ok,4,0.11,0.02,0.03,0.18,0.92,0.86,0.73
50,M,17,8,English,3,3,amazing,5,0,0,0,0,1,1,0.92
50,M,17,8,English,4,8,terrible,2,0.71,0.14,0.27,0.33,0.41,0.18,0.27
50,M,17,8,English,5,5,ok,4,0.08,0,0,0.06,0.84,0.75,0.69
50,M,17,8,English,6,2,amazing,5,0,0,0,0,1,0.93,0.87
50,M,17,8,English,7,1,amazing,5,0,0,0,0,0.93,0.93,0.78
50,M,17,8,English,8,9,terrible,2,0.73,0.64,0.66,0.27,0.08,0.1,0
50,M,17,8,English,9,6,ok,4,0.06,0,0,0.18,0.97,0.87,0.68
