workerID,gender,age,income,language,order,imageID,imageCategory,utterance,stateRating,sad,disgusted,angry,neutral,content,happy,excited
1,F,25,4,English,1,2,amazing,terrible,1,0.94,0.93,0.93,0.06,0.07,0.06,0.06
1,F,25,4,English,2,1,amazing,amazing,5,0.05,0,0.03,0.03,0.95,0.98,0.95
1,F,25,4,English,3,4,ok,amazing,5,0.05,0.03,0.04,0.05,0.86,0.8,0.86
1,F,25,4,English,4,9,terrible,terrible,1,0.88,0.99,0.89,0.03,0.02,0.03,0.02
1,F,25,4,English,5,7,terrible,good,4,0.01,0.14,0.08,0.81,0.97,0.56,0.57
1,F,25,4,English,6,5,ok,amazing,5,0.03,0.03,0.04,0.04,0.9,0.91,0.88
1,F,25,4,English,7,8,terrible,bad,2,0.98,0.99,0.98,0.01,0.01,0.03,0.03
1,F,25,4,English,8,3,amazing,bad,2,1,0.99,0.99,0,0.01,0.01,0.01
1,F,25,4,English,9,6,ok,bad,2,1,0.98,0.98,0.02,0.02,0.03,0.01
2,M,35,8,English,1,4,ok,amazing,5,0,0,0,0,0.48,0.96,0.88
2,M,35,8,English,2,3,amazing,terrible,1,0.77,0.47,0.52,0.06,0,0,0
2,M,35,8,English,3,7,terrible,good,4,0,0,0,0.18,0.52,0.57,0.46
2,M,35,8,English,4,2,amazing,ok,3,0,0,0,0.87,0.45,0.24,0.08
2,M,35,8,English,5,1,amazing,terrible,1,0.61,0.16,0.34,0.26,0,0,0
2,M,35,8,English,6,9,terrible,bad,2,0.46,0.45,0.22,0.25,0,0,0
2,M,35,8,English,7,6,ok,bad,2,0.44,0.46,0.46,0.2,0,0,0
2,M,35,8,English,8,5,ok,ok,3,0,0,0,0.95,0.45,0.44,0.18
2,M,35,8,English,9,8,terrible,good,4,0,0,0,0.34,0.72,0.53,0.27
3,F,45,6,English,1,2,amazing,good,4,0.01,0.01,0.02,0.97,0.78,0.55,0.54
3,F,45,6,English,2,3,amazing,terrible,1,0.03,0.01,0.02,0.05,0.08,0.09,0.03
3,F,45,6,English,3,4,ok,ok,3,0.16,0.01,0.03,0.49,0.45,0.15,0.09
3,F,45,6,English,4,8,terrible,bad,2,0.05,0.01,0.01,0.07,0.06,0.06,0.05
3,F,45,6,English,5,5,ok,good,4,0.04,0,0.02,0.43,0.28,0.22,0.11
3,F,45,6,English,6,7,terrible,good,4,0.02,0.02,0.01,0.09,0.3,0.2,0.29
3,F,45,6,English,7,6,ok,terrible,1,0.1,0.04,0.05,0.05,0.05,0.05,0.04
3,F,45,6,English,8,1,amazing,amazing,5,0.01,0.02,0.01,0.03,0.72,0.67,0.57
3,F,45,6,English,9,9,terrible,amazing,5,0.01,0.01,0.01,0.03,0.48,0.33,0.2
4,M,45,8,English,1,1,amazing,ok,5,0.07,0.12,0.05,0.54,0.29,0.3,0.27
4,M,45,8,English,2,9,terrible,good,2,0.05,0.07,0.01,0.54,0.54,0.52,0.47
4,M,45,8,English,3,4,ok,amazing,3,0.06,0.14,0.09,0.57,0.81,0.8,0.75
4,M,45,8,English,4,7,terrible,ok,3,0.13,0.02,0.17,0.48,0.28,0.36,0.11
4,M,45,8,English,5,2,amazing,bad,2,0.41,0.66,0.32,0.31,0.1,0.24,0.03
4,M,45,8,English,6,6,ok,bad,2,0.09,0.51,0.69,0.38,0.13,0.03,0.08
4,M,45,8,English,7,3,amazing,good,4,0.08,0.08,0.11,0.51,0.74,0.67,0.62
4,M,45,8,English,8,5,ok,good,4,0.05,0.07,0.1,0.45,0.65,0.79,0.7
4,M,45,8,English,9,8,terrible,amazing,5,0.07,0.05,0.04,0.48,0.84,0.89,0.92
5,M,35,4,english,1,1,amazing,ok,4,0,0.01,0.02,0.2,0.69,0.78,0.77
5,M,35,4,english,2,3,amazing,ok,4,0,0.01,0,0.11,0.72,0.78,0.74
5,M,35,4,english,3,7,terrible,good,4,0.03,0.05,0.06,0.2,0.4,0.77,0.59
5,M,35,4,english,4,9,terrible,ok,2,0.13,0.11,0.16,0.23,0.51,0.49,0.46
5,M,35,4,english,5,2,amazing,ok,4,0.02,0,0.01,0.1,0.65,0.84,0.66
5,M,35,4,english,6,4,ok,ok,4,0.06,0.04,0.02,0.37,0.36,0.56,0.37
5,M,35,4,english,7,8,terrible,ok,4,0,0.01,0.02,0.46,0.47,0.79,0.47
5,M,35,4,english,8,6,ok,bad,2,0.43,0.34,0.2,0.24,0.31,0.19,0.18
5,M,35,4,english,9,5,ok,terrible,1,0.67,0.57,0.6,0.29,0.12,0.17,0.1
6,F,35,6,english,1,2,amazing,terrible,2,0.05,0.07,0.02,0.2,0.51,0.81,0.74
6,F,35,6,english,2,8,terrible,ok,3,0.55,0.38,0.03,0.52,0.06,0.22,0.04
6,F,35,6,english,3,7,terrible,bad,4,0.69,0.84,0.01,0.03,0.06,0.02,0.04
6,F,35,6,english,4,3,amazing,amazing,5,0.02,0.04,0.04,0,0.91,0.9,0.93
6,F,35,6,english,5,9,terrible,amazing,1,0.67,0.72,0.18,0.04,0.21,0.09,0.07
6,F,35,6,english,6,4,ok,good,4,0.03,0.09,0.03,0.78,0.49,0.43,0.26
6,F,35,6,english,7,5,ok,terrible,2,0.04,0.2,0.02,0.72,0.56,0.19,0.09
6,F,35,6,english,8,1,amazing,good,4,0.01,0.03,0,0.03,0.81,0.72,0.42
6,F,35,6,english,9,6,ok,amazing,3,0.06,0.06,0.03,0.03,0.87,0.52,0.14
7,F,35,4,English,1,5,ok,good,4,0,0.01,0.06,0.63,0.6,0.79,0.42
7,F,35,4,English,2,2,amazing,bad,2,0.65,0.67,0.6,0.49,0.09,0.1,0.17
7,F,35,4,English,3,6,ok,bad,2,0.79,0.36,0.37,0.4,0.18,0.12,0.15
7,F,35,4,English,4,7,terrible,bad,2,0.98,0.64,0.42,0.07,0.04,0.01,0.01
7,F,35,4,English,5,3,amazing,amazing,5,0.05,0.03,0.13,0.32,0.5,0.98,0.92
7,F,35,4,English,6,9,terrible,amazing,5,0.12,0.1,0.01,0.5,0.14,1,0.88
7,F,35,4,English,7,1,amazing,ok,3,0.17,0.01,0.05,0.89,0.55,0.29,0.25
7,F,35,4,English,8,4,ok,ok,3,0.1,0.08,0.15,0.9,0.71,0.1,0.26
7,F,35,4,English,9,8,terrible,amazing,5,0.02,0.1,0.1,0.48,0.54,0.92,0.69
9,M,55,6,English,1,9,terrible,amazing,1,0.77,0.22,0.8,0.04,0.11,0.13,0.42
9,M,55,6,English,2,2,amazing,bad,2,0.41,0.28,0.8,0.59,0.5,0.42,0.51
9,M,55,6,English,3,7,terrible,amazing,2,0.58,0.41,0.51,0.41,0.45,0.18,0.67
9,M,55,6,English,4,1,amazing,good,4,0.11,0.03,0.1,0.33,0.93,0.7,0.55
9,M,55,6,English,5,3,amazing,terrible,3,0.32,0.19,0.38,0.56,0.54,0.29,0.27
9,M,55,6,English,6,8,terrible,bad,2,0.65,0.54,0.51,0.31,0.28,0.24,0.13
9,M,55,6,English,7,6,ok,ok,4,0.09,0.09,0.14,0.41,0.46,0.49,0.21
9,M,55,6,English,8,4,ok,ok,3,0.16,0.1,0.13,0.84,0.38,0.41,0.25
9,M,55,6,English,9,5,ok,ok,4,0.12,0.08,0.1,0.67,0.66,0.58,0.25
10,F,65,6,English,1,4,ok,good,4,0.07,0.05,0.07,0.45,0.61,0.59,0.6
10,F,65,6,English,2,9,terrible,ok,1,0.8,0.53,0.53,0.53,0.1,0.11,0.1
10,F,65,6,English,3,7,terrible,good,1,0.06,0.91,0.92,0.58,0.05,0.07,0.07
10,F,65,6,English,4,5,ok,terrible,4,0.04,0.02,0.04,0.55,0.54,0.55,0.53
10,F,65,6,English,5,8,terrible,ok,2,0.54,0.14,0.15,0.55,0.14,0.15,0.16
10,F,65,6,English,6,3,amazing,amazing,5,0.02,0.04,0.02,0.05,0.95,0.9,0.92
10,F,65,6,English,7,6,ok,good,4,0.07,0.04,0.16,0.06,0.51,0.48,0.49
10,F,65,6,English,8,2,amazing,amazing,5,0.74,0.04,0.06,0.49,0.71,0.88,0.91
10,F,65,6,English,9,1,amazing,good,5,0.01,0.02,0,0.59,0.86,0.84,0.87
11,M,25,4,English,1,5,ok,good,4,0.26,0.25,0.18,0.29,0.74,0.63,0.62
11,M,25,4,English,2,1,amazing,amazing,5,0.06,0.09,0.01,0.14,0.85,0.78,0.83
11,M,25,4,English,3,9,terrible,bad,2,0.68,0.35,0.53,0.44,0.19,0.12,0.15
11,M,25,4,English,4,7,terrible,good,1,0.44,0.32,0.54,0.39,0.14,0.19,0.15
11,M,25,4,English,5,8,terrible,terrible,2,0.47,0.43,0.39,0.26,0.07,0.08,0.2
11,M,25,4,English,6,3,amazing,ok,5,0.27,0.22,0.18,0.25,0.44,0.61,0.67
11,M,25,4,English,7,2,amazing,terrible,5,0.17,0.14,0.16,0.35,0.72,0.74,0.65
11,M,25,4,English,8,6,ok,good,4,0.22,0.16,0.15,0.28,0.57,0.7,0.69
11,M,25,4,English,9,4,ok,good,3,0.44,0.12,0.29,0.57,0.3,0.22,0.18
12,M,25,4,english,1,1,amazing,terrible,2,0.87,0.92,0.9,0.14,0.1,0.09,0.14
12,M,25,4,english,2,7,terrible,bad,2,0.86,0.91,0.93,0.08,0.06,0.09,0.11
12,M,25,4,english,3,8,terrible,terrible,1,0.87,0.95,0.89,0.12,0.1,0.1,0.14
12,M,25,4,english,4,3,amazing,amazing,5,0.14,0.1,0.1,0.07,0.87,0.94,0.91
12,M,25,4,english,5,5,ok,good,4,0.14,0.09,0.15,0.48,0.81,0.9,0.79
12,M,25,4,english,6,9,terrible,bad,2,0.83,0.92,0.82,0.16,0.1,0.09,0.12
12,M,25,4,english,7,4,ok,terrible,1,0.83,0.91,0.87,0.08,0.06,0.14,0.09
12,M,25,4,english,8,2,amazing,ok,3,0.09,0.1,0.08,0.8,0.54,0.47,0.41
12,M,25,4,english,9,6,ok,ok,3,0.09,0.1,0.08,0.69,0.48,0.47,0.47
13,F,25,4,english,1,8,terrible,good,2,0.03,0.05,0.05,0.03,0.86,0.86,0.53
13,F,25,4,english,2,3,amazing,amazing,5,0.07,0.04,0.05,0.05,0.91,0.82,0.75
13,F,25,4,english,3,7,terrible,good,4,0.07,0.08,0.08,0.06,0.89,0.82,0.71
13,F,25,4,english,4,2,amazing,bad,2,0.52,0.46,0.9,0.1,0.06,0.05,0.07
13,F,25,4,english,5,5,ok,good,4,0.05,0.06,0.05,0.05,0.88,0.88,0.88
13,F,25,4,english,6,9,terrible,bad,2,0.51,0.49,0.9,0.04,0.05,0.06,0.06
13,F,25,4,english,7,4,ok,amazing,4,0.05,0.06,0.05,0.04,0.89,0.87,0.88
13,F,25,4,english,8,1,amazing,good,4,0.05,0.07,0.07,0.06,0.9,0.89,0.89
13,F,25,4,english,9,6,ok,bad,2,0.75,0.44,0.92,0.07,0.06,0.05,0.07
14,M,25,0,English,1,1,amazing,bad,2,0.26,0.73,0.21,0,0.48,0.18,0.07
14,M,25,0,English,2,6,ok,bad,2,0.4,0.71,0.19,0,0.48,0.11,0.09
14,M,25,0,English,3,3,amazing,terrible,1,0.45,0.79,0.4,0,0.11,0.05,0.03
14,M,25,0,English,4,7,terrible,ok,3,0,0,0,1,1,0.38,0.3
14,M,25,0,English,5,5,ok,amazing,5,0,0,0,0,0.42,1,0.86
14,M,25,0,English,6,2,amazing,bad,2,0.45,0.63,0.45,0,0.26,0.05,0.04
14,M,25,0,English,7,8,terrible,amazing,5,0,0.08,0,0,0.99,0.94,0.23
14,M,25,0,English,8,9,terrible,bad,2,0.83,0.73,0.28,0,0,0.06,0
14,M,25,0,English,9,4,ok,good,4,0,0,0,0,0.87,0.64,0.16
15,F,35,4,English,1,9,terrible,amazing,5,0.77,0.58,0.2,0.46,0.19,0.78,0.6
15,F,35,4,English,2,3,amazing,terrible,1,0.81,0.17,0.83,0.3,0.18,0.12,0.2
15,F,35,4,English,3,5,ok,bad,2,0.71,0.76,0.85,0.25,0.22,0.26,0.19
15,F,35,4,English,4,1,amazing,ok,3,0.41,0.11,0.46,0.89,0.63,0.49,0.57
15,F,35,4,English,5,2,amazing,amazing,5,0.04,0.01,0.02,0.22,1,0.98,1
15,F,35,4,English,6,6,ok,ok,3,0.49,0.34,0.49,0.98,0.31,0.48,0.3
15,F,35,4,English,7,4,ok,amazing,5,0.02,0.01,0,0.2,1,0.98,0.99
15,F,35,4,English,8,7,terrible,bad,2,0.99,0.99,0.99,0.01,0.01,0.02,0.01
15,F,35,4,English,9,8,terrible,terrible,1,1,0.99,1,0.02,0.02,0.02,0.03
16,M,45,4,English,1,7,terrible,terrible,1,0.95,0.94,0.95,0.04,0.01,0.04,0.11
16,M,45,4,English,2,4,ok,amazing,5,0.05,0.05,0.01,0.01,0.96,0.95,0.99
16,M,45,4,English,3,6,ok,terrible,1,0.96,0.95,0.01,0.97,0.02,0.02,0.12
16,M,45,4,English,4,8,terrible,bad,2,0.81,0.8,0.03,0.76,0.16,0.17,0.17
16,M,45,4,English,5,5,ok,terrible,1,0.92,0.9,0.01,0.98,0.05,0.05,0.06
16,M,45,4,English,6,3,amazing,good,4,0.01,0.01,0.01,0.97,0.95,0.95,0.93
16,M,45,4,English,7,1,amazing,bad,2,0.75,0.76,0.04,0.82,0.27,0.26,0.12
16,M,45,4,English,8,9,terrible,bad,2,0.92,0.93,0.7,0.94,0.06,0.07,0.06
16,M,45,4,English,9,2,amazing,good,4,0.03,0.02,0.01,0.98,0.98,0.98,0.95
17,F,35,6,English,1,4,ok,terrible,1,0.54,0.66,0.42,0.02,0.02,0.03,0.02
17,F,35,6,English,2,8,terrible,bad,2,0.63,0.52,0.31,0,0.01,0.01,0
17,F,35,6,English,3,1,amazing,amazing,5,0,0.02,0.01,0,0.9,0.93,0.8
17,F,35,6,English,4,7,terrible,good,4,0.02,0.01,0,0.51,0.92,0.77,0.21
17,F,35,6,English,5,3,amazing,good,4,0.02,0.01,0.01,0.54,0.93,0.93,0.36
17,F,35,6,English,6,5,ok,amazing,5,0.02,0.01,0.01,0.01,0.88,0.88,0.85
17,F,35,6,English,7,6,ok,bad,2,0.55,0.7,0.61,0.02,0.02,0.01,0.02
17,F,35,6,English,8,2,amazing,bad,2,0.7,0.56,0.64,0.03,0.02,0.01,0.03
17,F,35,6,English,9,9,terrible,bad,2,0.43,0.65,0.57,0,0.01,0.01,0.01
18,M,35,4,English,1,2,amazing,amazing,5,0.04,0.04,0.05,0.22,0.67,0.93,0.96
18,M,35,4,English,2,4,ok,terrible,1,0.76,0.64,0.54,0.34,0.29,0.14,0.1
18,M,35,4,English,3,6,ok,ok,3,0.41,0.31,0.29,0.94,0.45,0.42,0.38
18,M,35,4,English,4,1,amazing,bad,2,0.68,0.64,0.49,0.31,0.2,0.11,0.1
18,M,35,4,English,5,8,terrible,ok,3,0.35,0.38,0.28,0.89,0.48,0.44,0.46
18,M,35,4,English,6,7,terrible,amazing,5,0.07,0.08,0.08,0.13,0.7,0.86,0.87
18,M,35,4,English,7,5,ok,terrible,1,0.72,0.59,0.38,0.26,0.29,0.02,0.03
18,M,35,4,English,8,3,amazing,ok,3,0.41,0.16,0.19,0.72,0.45,0.25,0.21
18,M,35,4,English,9,9,terrible,terrible,1,0.83,0.8,0.68,0.23,0.25,0.03,0.07
19,M,25,4,English and Korean,1,2,amazing,ok,4,0.16,0.16,0.16,1,0.63,0.59,0
19,M,25,4,English and Korean,2,6,ok,bad,2,0.46,0.19,0.45,0.32,0.31,0.36,0.18
19,M,25,4,English and Korean,3,3,amazing,good,4,0.11,0.06,0.12,0,0.68,0.7,0.46
19,M,25,4,English and Korean,4,9,terrible,good,4,0,0,0,0,1,0.81,0.67
19,M,25,4,English and Korean,5,8,terrible,ok,3,0.1,0.07,0.11,0.72,0.65,0.51,0.05
19,M,25,4,English and Korean,6,7,terrible,amazing,5,0,0,0,0,1,0.7,0.83
19,M,25,4,English and Korean,7,1,amazing,amazing,5,0,0,0,0,1,1,0.84
19,M,25,4,English and Korean,8,5,ok,amazing,5,0,0,0,0,1,1,1
19,M,25,4,English and Korean,9,4,ok,bad,2,0.48,0.42,0.35,0,0.19,0.24,0.15
20,F,35,6,English,1,4,ok,terrible,1,0.78,0.58,0.78,0.34,0.02,0.04,0.08
20,F,35,6,English,2,8,terrible,terrible,1,0.79,0.75,0.64,0.16,0.2,0.12,0.08
20,F,35,6,English,3,2,amazing,bad,2,0.87,0.82,0.71,0.41,0.04,0.06,0.02
20,F,35,6,English,4,1,amazing,terrible,1,0.85,0.84,0.85,0.32,0.04,0.08,0.16
20,F,35,6,English,5,7,terrible,terrible,1,0.88,0.77,0.86,0.43,0.06,0.05,0.14
20,F,35,6,English,6,6,ok,bad,2,0.85,0.84,0.77,0.51,0.06,0.06,0.19
20,F,35,6,English,7,9,terrible,bad,2,0.81,0.76,0.81,0.44,0.06,0.07,0.09
20,F,35,6,English,8,5,ok,terrible,1,0.84,0.78,0.78,0.46,0.07,0.07,0.12
20,F,35,6,English,9,3,amazing,bad,2,0.75,0.73,0.74,0.44,0.09,0.08,0.09
21,M,25,4,english,1,8,terrible,ok,2,0.39,0.53,0.42,0.51,0.62,0.31,0.35
21,M,25,4,english,2,5,ok,good,4,0,0,0,0.58,0.6,0.55,0.83
21,M,25,4,english,3,6,ok,good,4,0,0.01,0,0.46,0.49,0.62,0.65
21,M,25,4,english,4,2,amazing,terrible,1,0,0.24,0.49,0.48,0.53,0.19,0.52
21,M,25,4,english,5,4,ok,good,4,0.37,0.28,0.43,0.45,0.38,0.22,0.47
21,M,25,4,english,6,3,amazing,amazing,5,0,0.28,0.29,0.21,0.35,0.33,0.22
21,M,25,4,english,7,1,amazing,ok,4,0.16,0.02,0.05,0.32,0.4,0.61,0.41
21,M,25,4,english,8,7,terrible,good,4,0.34,0.22,0.33,0.32,0.43,0.32,0.28
21,M,25,4,english,9,9,terrible,ok,4,0.38,0.39,0.39,0.36,0.33,0.25,0.2
22,M,25,4,english,1,7,terrible,bad,2,0.78,0.83,0.63,0,0.22,0,0
22,M,25,4,english,2,3,amazing,amazing,5,0,0,0,0.18,0.36,0.8,0.6
22,M,25,4,english,3,1,amazing,good,4,0,0,0,0.24,0.38,0.74,0.58
22,M,25,4,english,4,4,ok,ok,3,0,0,0,1,0.51,0.53,0.1
22,M,25,4,english,5,5,ok,ok,3,0,0,0,1,0.47,0.47,0.04
22,M,25,4,english,6,8,terrible,bad,2,0.34,0.54,0.33,0,0.09,0,0
22,M,25,4,english,7,6,ok,bad,2,0.23,0.33,0.23,0.17,0.52,0,0
22,M,25,4,english,8,2,amazing,ok,3,0.01,0,0.01,0.51,0.51,0,0
22,M,25,4,english,9,9,terrible,bad,2,0.27,0.3,0.27,0.15,0.07,0,0
23,M,35,4,english,1,5,ok,bad,4,0.51,0.29,0.56,0.66,0.66,0.53,0.61
23,M,35,4,english,2,8,terrible,ok,3,0.59,0.57,0.68,0.49,0.65,0.49,0.67
23,M,35,4,english,3,7,terrible,terrible,2,0.54,0.67,0.47,0.43,0.41,0.53,0.64
23,M,35,4,english,4,4,ok,ok,3,0.64,0.69,0.51,0.56,0.47,0.59,0.67
23,M,35,4,english,5,3,amazing,terrible,1,0.42,0.4,0.4,0.51,0.45,0.52,0.51
23,M,35,4,english,6,2,amazing,good,4,0.71,0.64,0.65,0.54,0.57,0.57,0.73
23,M,35,4,english,7,9,terrible,bad,4,0.72,0.79,0.56,0.6,0.52,0.69,0.75
23,M,35,4,english,8,6,ok,amazing,3,0.73,0.78,0.53,0.59,0.45,0.69,0.75
23,M,35,4,english,9,1,amazing,amazing,4,0.68,0.75,0.48,0.61,0.53,0.68,0.71
24,F,35,8,English,1,1,amazing,ok,2,1,0.08,0.08,0.46,0.06,0.04,0.07
24,F,35,8,English,2,3,amazing,amazing,5,0,0,0,0,1,1,1
24,F,35,8,English,3,9,terrible,ok,3,0,0,0,0.49,0.53,0.53,0
24,F,35,8,English,4,8,terrible,amazing,4,0,0,0,0,1,1,1
24,F,35,8,English,5,4,ok,bad,2,0.48,0.23,0.3,0,0,0,0
24,F,35,8,English,6,2,amazing,terrible,1,0.99,0.44,0.97,0.01,0.04,0,0
24,F,35,8,English,7,7,terrible,amazing,5,0,0,0.03,0.02,0.99,0.99,0.96
24,F,35,8,English,8,5,ok,ok,3,0,0,0.01,1,0.46,0.5,0
24,F,35,8,English,9,6,ok,amazing,5,0,0,0,0,0.99,0.98,1
25,F,35,6,English,1,6,ok,bad,2,0.68,0.6,0.27,0.34,0.23,0.28,0.15
25,F,35,6,English,2,9,terrible,good,4,0.14,0.11,0.23,0.17,0.81,0.81,0.67
25,F,35,6,English,3,5,ok,ok,3,0.36,0.08,0.07,0.9,0.64,0.64,0.12
25,F,35,6,English,4,1,amazing,ok,3,0.12,0.06,0.06,0.97,0.6,0.54,0.12
25,F,35,6,English,5,7,terrible,bad,2,0.67,0.83,0.63,0.31,0.14,0.1,0.03
25,F,35,6,English,6,3,amazing,terrible,1,0.73,0.98,0.91,0.28,0.06,0.05,0.05
25,F,35,6,English,7,8,terrible,ok,3,0.32,0.05,0.04,0.87,0.7,0.32,0.06
25,F,35,6,English,8,2,amazing,ok,3,0.17,0.03,0.04,0.86,0.66,0.29,0.07
25,F,35,6,English,9,4,ok,good,4,0.17,0.05,0.11,0.59,0.84,0.67,0.6
26,F,45,8,English,1,8,terrible,good,4,0.02,0.02,0.02,0.02,0.83,0.81,0.69
26,F,45,8,English,2,9,terrible,bad,2,0.48,0.29,0.3,0.07,0.12,0.04,0.01
26,F,45,8,English,3,6,ok,ok,4,0.03,0,0.03,0.47,0.51,0.41,0.29
26,F,45,8,English,4,2,amazing,amazing,5,0.02,0,0,0,0.97,0.91,0.92
26,F,45,8,English,5,1,amazing,bad,2,0.43,0.15,0.34,0.49,0.02,0.09,0.04
26,F,45,8,English,6,7,terrible,amazing,5,0,0.03,0.02,0.04,0.86,0.88,0.94
26,F,45,8,English,7,5,ok,good,4,0.01,0.03,0.02,0.39,0.59,0.57,0.46
26,F,45,8,English,8,3,amazing,terrible,1,0.57,0,0.22,0.4,0.01,0.08,0.04
26,F,45,8,English,9,4,ok,good,4,0.01,0.02,0.02,0.17,0.6,0.64,0.46
27,M,35,0,english,1,6,ok,amazing,5,0.04,0.04,0.06,0.47,0.93,0.93,0.95
27,M,35,0,english,2,7,terrible,amazing,2,0.14,0.86,0.9,0.37,0.23,0.15,0.13
27,M,35,0,english,3,8,terrible,amazing,3,0.32,0.52,0.47,0.43,0.52,0.51,0.6
27,M,35,0,english,4,1,amazing,ok,4,0.07,0.1,0.11,0.64,0.85,0.94,0.93
27,M,35,0,english,5,5,ok,amazing,4,0.2,0.11,0.23,0.55,0.79,0.9,0.84
27,M,35,0,english,6,4,ok,bad,4,0.17,0.29,0.68,0.55,0.71,0.85,0.91
27,M,35,0,english,7,9,terrible,amazing,1,0.9,0.83,0.79,0.51,0.46,0.89,0.28
27,M,35,0,english,8,2,amazing,ok,5,0.17,0.18,0.17,0.35,0.94,0.97,0.81
27,M,35,0,english,9,3,amazing,amazing,5,0.09,0.11,0.05,0.16,0.89,0.94,0.86
28,M,35,4,English,1,2,amazing,ok,3,0.48,0.22,0.01,0.97,0.48,0.48,0.3
28,M,35,4,English,2,9,terrible,bad,2,0.83,0.69,0.52,0.09,0.08,0.05,0.1
28,M,35,4,English,3,3,amazing,bad,2,0.7,0.59,0.28,0.01,0,0.03,0.01
28,M,35,4,English,4,5,ok,ok,3,0.02,0.01,0.01,0.98,0.32,0.48,0.15
28,M,35,4,English,5,7,terrible,good,4,0.11,0.1,0.06,0.16,0.51,0.73,0.52
28,M,35,4,English,6,8,terrible,amazing,5,0.05,0.05,0.05,0.06,0.55,0.86,0.72
28,M,35,4,English,7,6,ok,amazing,5,0.03,0.02,0.03,0.28,0.8,0.99,0.99
28,M,35,4,English,8,1,amazing,good,4,0.02,0.01,0.01,0.33,0.68,0.67,0.51
28,M,35,4,English,9,4,ok,ok,3,0.12,0.03,0.02,0.91,0.13,0.21,0.14
29,F,55,4,English,1,3,amazing,amazing,5,0,0,0,0,0.98,0.98,0.98
29,F,55,4,English,2,6,ok,good,4,0.09,0,0,0.33,1,0.61,0.6
29,F,55,4,English,3,4,ok,amazing,5,0,0,0,0,1,1,1
29,F,55,4,English,4,1,amazing,ok,3,0.15,0.06,0.16,0.84,0.43,0.39,0.36
29,F,55,4,English,5,5,ok,good,4,0,0,0,0.41,1,0.85,0.71
29,F,55,4,English,6,7,terrible,terrible,1,0.2,0.29,0.56,0,0,0,0
29,F,55,4,English,7,2,amazing,amazing,5,0,0,0,0,1,1,1
29,F,55,4,English,8,9,terrible,terrible,1,0.2,0.45,0.63,0,0,0,0
29,F,55,4,English,9,8,terrible,ok,3,0.14,0,0.04,0.47,0.54,0.46,0.06
30,M,45,11,English,1,9,terrible,ok,4,0.34,0.33,0.27,0.88,0.66,0.66,0.51
30,M,45,11,English,2,5,ok,ok,4,0.2,0.23,0.12,0.89,0.64,0.73,0.59
30,M,45,11,English,3,4,ok,amazing,5,0.01,0.01,0.02,0.01,0.99,0.98,0.97
30,M,45,11,English,4,7,terrible,terrible,1,0.87,0.95,0.82,0.19,0.09,0.06,0.07
30,M,45,11,English,5,3,amazing,amazing,5,0.01,0.01,0.02,0.05,0.98,0.97,0.97
30,M,45,11,English,6,6,ok,bad,2,0.82,0.87,0.77,0.27,0.1,0.06,0.06
30,M,45,11,English,7,8,terrible,ok,4,0.2,0.25,0.17,0.82,0.67,0.64,0.57
30,M,45,11,English,8,2,amazing,good,4,0.19,0.19,0.19,0.29,0.83,0.82,0.77
30,M,45,11,English,9,1,amazing,ok,4,0.09,0.08,0.08,0.65,0.78,0.77,0.75
31,F,25,4,English,1,5,ok,bad,3,0.82,0.48,0.65,0.55,0.1,0.17,0.24
31,F,25,4,English,2,4,ok,ok,3,0.14,0.11,0.12,0.84,0.68,0.6,0.28
31,F,25,4,English,3,8,terrible,terrible,1,0.58,0.23,0.34,0.2,0.13,0.2,0.18
31,F,25,4,English,4,9,terrible,bad,2,0.77,0.58,0.66,0.19,0.12,0.12,0.41
31,F,25,4,English,5,1,amazing,amazing,5,0.06,0.12,0.04,0.33,0.92,0.83,0.92
31,F,25,4,English,6,3,amazing,amazing,5,0.12,0.18,0.1,0.37,0.79,0.76,0.93
31,F,25,4,English,7,2,amazing,bad,2,0.29,0.36,0.5,0.52,0.21,0.34,0.11
31,F,25,4,English,8,7,terrible,good,4,0.2,0.22,0.21,0.54,0.56,0.6,0.36
31,F,25,4,English,9,6,ok,good,4,0.22,0.26,0.25,0.73,0.67,0.55,0.49
32,M,35,8,English,1,3,amazing,terrible,1,0.68,0.66,0.67,0.13,0.07,0,0.06
32,M,35,8,English,2,4,ok,amazing,5,0,0,0,0,1,1,1
32,M,35,8,English,3,1,amazing,bad,2,0.85,0.48,0.89,0,0,0,0
32,M,35,8,English,4,5,ok,ok,3,0,0,0,0.49,0.27,0.11,0.14
32,M,35,8,English,5,7,terrible,bad,2,0.08,0.18,0.22,0.16,0.18,0.09,0.11
32,M,35,8,English,6,6,ok,amazing,5,0,0,0.02,0.01,1,1,1
32,M,35,8,English,7,8,terrible,good,4,0,0,0,0.44,0.61,0.63,0.29
32,M,35,8,English,8,2,amazing,amazing,5,0,0.02,0,0.02,0.95,1,0.96
32,M,35,8,English,9,9,terrible,bad,2,0,0.01,0,1,0,0,0
33,M,45,6,english,1,1,amazing,bad,2,0.73,0.72,0.5,0.07,0.02,0,0.06
33,M,45,6,english,2,8,terrible,terrible,1,0.8,0.93,1,1,0,0.03,0.16
33,M,45,6,english,3,7,terrible,bad,2,0.21,0.23,0.27,0.99,0.07,0.05,0.02
33,M,45,6,english,4,9,terrible,terrible,2,1,1,1,0,0.16,0.1,0.08
33,M,45,6,english,5,3,amazing,bad,2,0.03,0.04,0.03,0.49,0.81,0.93,0.68
33,M,45,6,english,6,6,ok,bad,2,0.62,0.49,0.38,0.21,0.09,0.29,0.28
33,M,45,6,english,7,2,amazing,bad,3,0.46,0.36,0.54,0.18,0.16,0.11,0.31
33,M,45,6,english,8,4,ok,good,4,0.02,0.05,0.04,0.04,0.73,0.94,1
33,M,45,6,english,9,5,ok,terrible,1,0.59,0.51,0.74,0.08,0.06,0.12,0.23
34,F,65,4,English,1,4,ok,terrible,1,0.78,0.89,0.83,0.05,0.04,0.03,0.03
34,F,65,4,English,2,8,terrible,ok,3,0.38,0.05,0.04,0.82,0.38,0.43,0.05
34,F,65,4,English,3,3,amazing,good,4,0.08,0.04,0.02,0.16,0.87,0.86,0.51
34,F,65,4,English,4,7,terrible,bad,2,0.77,0.86,0.49,0.04,0.07,0,0.02
34,F,65,4,English,5,6,ok,ok,3,0.1,0.11,0.02,0.49,0.51,0.49,0.03
34,F,65,4,English,6,1,amazing,terrible,1,0.98,0.92,0.89,0.02,0.02,0.01,0.01
34,F,65,4,English,7,2,amazing,bad,2,0.74,0.74,0.75,0.02,0.01,0.01,0.01
34,F,65,4,English,8,9,terrible,ok,3,0.48,0.49,0.48,0.48,0.48,0.11,0.02
34,F,65,4,English,9,5,ok,good,4,0.09,0.08,0.09,0.02,0.83,0.81,0.67
35,M,35,6,English,1,3,amazing,amazing,5,0,0.01,0.02,0.19,0.98,0.98,0.98
35,M,35,6,English,2,8,terrible,amazing,5,0.21,0.15,0.07,0.22,0.68,0.51,0.46
35,M,35,6,English,3,5,ok,terrible,1,0.47,0.38,0.31,0.44,0.54,0.57,0.49
35,M,35,6,English,4,4,ok,good,4,0.11,0.01,0.08,0.46,0.54,0.48,0.4
35,M,35,6,English,5,2,amazing,ok,4,0.01,0.01,0.06,0.41,0.95,0.53,0.51
35,M,35,6,English,6,1,amazing,ok,3,0.02,0.01,0.12,0.48,0.76,0.54,0.48
35,M,35,6,English,7,6,ok,good,4,0.01,0.01,0.19,0.48,0.77,0.56,0.52
35,M,35,6,English,8,9,terrible,ok,3,0.01,0.01,0.03,0.44,0.68,0.45,0.38
35,M,35,6,English,9,7,terrible,good,4,0.01,0,0.13,0.47,0.72,0.58,0.47
36,M,35,4,english,1,4,ok,good,4,0.02,0.03,0.03,0.21,0.72,0.66,0.47
36,M,35,4,english,2,6,ok,ok,3,0.02,0.04,0.01,0.52,0.51,0.25,0.23
36,M,35,4,english,3,5,ok,good,4,0.02,0.03,0.01,0.02,0.45,0.72,0.7
36,M,35,4,english,4,7,terrible,good,4,0.03,0.03,0.03,0.05,0.48,0.67,0.63
36,M,35,4,english,5,3,amazing,ok,3,0.05,0.04,0.04,0.53,0.44,0.18,0.19
36,M,35,4,english,6,8,terrible,amazing,5,0.02,0.01,0.02,0.02,0.3,0.72,0.85
36,M,35,4,english,7,1,amazing,ok,3,0.02,0.02,0.01,0.51,0.5,0.19,0.2
36,M,35,4,english,8,9,terrible,amazing,5,0.04,0.06,0.03,0.07,0.51,0.63,0.74
36,M,35,4,english,9,2,amazing,bad,2,0.8,0.41,0.35,0.13,0.08,0.04,0.06
37,M,35,8,english,1,2,amazing,good,4,0,0,0,0.48,1,1,1
37,M,35,8,english,2,7,terrible,good,4,0,0.03,0.03,0.49,1,0.98,0.52
37,M,35,8,english,3,3,amazing,ok,4,0.01,0,0.03,0.68,0.99,0.95,0.48
37,M,35,8,english,4,5,ok,bad,2,0.49,0.73,0.48,0,0.13,0,0.01
37,M,35,8,english,5,8,terrible,bad,2,0.48,0.81,0.49,0,0.03,0.04,0.01
37,M,35,8,english,6,4,ok,good,4,0.04,0.04,0.01,0.49,0.98,0.98,0.86
37,M,35,8,english,7,1,amazing,good,4,0.01,0.02,0.02,0.53,0.97,0.98,0.97
37,M,35,8,english,8,6,ok,good,4,0.01,0.02,0.03,0.49,0.97,0.98,0.74
37,M,35,8,english,9,9,terrible,terrible,1,0.83,0.72,0.44,0,0.02,0.01,0.03
38,F,55,4,English,1,8,terrible,bad,2,0.98,0.98,0.01,0.03,0.01,0.01,0.01
38,F,55,4,English,2,7,terrible,bad,2,0.52,0.73,0.48,0.01,0.01,0.01,0
38,F,55,4,English,3,2,amazing,terrible,3,0.02,0.03,0.03,0.72,0.71,0.53,0.7
38,F,55,4,English,4,1,amazing,amazing,5,0.03,0.02,0,0.02,0.98,0.98,0.97
38,F,55,4,English,5,6,ok,ok,3,0.02,0.01,0.01,0.91,0.86,0.49,0.49
38,F,55,4,English,6,4,ok,bad,2,0.03,0.02,0.02,0.01,0.02,0.03,0
38,F,55,4,English,7,3,amazing,terrible,4,0.01,0.01,0.02,0.51,0.4,0.34,0.02
38,F,55,4,English,8,9,terrible,terrible,1,0.22,0.7,0.36,0.01,0.01,0.02,0.02
38,F,55,4,English,9,5,ok,good,4,0.01,0.03,0.01,0.33,0.99,0.42,0.33
39,F,45,4,English,1,2,amazing,terrible,2,0.82,0.86,0.64,0.44,0.1,0.07,0.07
39,F,45,4,English,2,8,terrible,good,4,0.1,0.06,0.12,0.12,0.68,0.77,0.83
39,F,45,4,English,3,6,ok,bad,3,0.38,0.41,0.48,0.53,0.43,0.44,0.44
39,F,45,4,English,4,1,amazing,terrible,3,0.71,0.75,0.64,0.33,0.33,0.27,0.24
39,F,45,4,English,5,4,ok,amazing,5,0.07,0.01,0.45,0.04,0.44,0.47,0.62
39,F,45,4,English,6,7,terrible,ok,3,0.49,0.51,0.4,0.36,0.43,0.55,0.37
39,F,45,4,English,7,9,terrible,bad,2,0.6,0.66,0.52,0.51,0.27,0.28,0.27
39,F,45,4,English,8,3,amazing,ok,3,0.46,0.53,0.45,0.41,0.43,0.31,0.29
39,F,45,4,English,9,5,ok,good,4,0.39,0.39,0.38,0.72,0.44,0.59,0.57
40,F,55,4,English,1,1,amazing,good,5,0,0.01,0.01,0.02,0.99,1,0.99
40,F,55,4,English,2,9,terrible,amazing,5,0.27,0.02,0.48,0.01,0.49,0.74,0.49
40,F,55,4,English,3,3,amazing,terrible,1,0.49,0.49,0.49,0.01,0.49,0.49,0.49
40,F,55,4,English,4,5,ok,bad,2,0.75,0.27,0.51,0.27,0.27,0.26,0.27
40,F,55,4,English,5,4,ok,ok,3,0.23,0.01,0.01,0.49,0.71,0.72,0.71
40,F,55,4,English,6,2,amazing,good,4,0.01,0.01,0.01,0.01,0.78,0.87,0.78
40,F,55,4,English,7,7,terrible,ok,3,0.2,0.45,0.47,0.47,0.67,0.47,0.23
40,F,55,4,English,8,8,terrible,amazing,4,0.22,0,0.11,0.22,0.7,0.68,0.7
40,F,55,4,English,9,6,ok,terrible,2,0.48,0.74,0.74,0.49,0.23,0.29,0.23
